,gamma_autocorrelation,ocean_heat_capacity[0],ocean_heat_capacity[1],ocean_heat_capacity[2],ocean_heat_transfer[0],ocean_heat_transfer[1],ocean_heat_transfer[2],deep_ocean_efficacy,sigma_eta,sigma_xi,forcing_4co2,iirf_0[CO2],iirf_uptake[CO2],iirf_temperature[CO2],iirf_airborne[CO2],erfari_radiative_efficiency[BC],erfari_radiative_efficiency[OC],erfari_radiative_efficiency[Sulfur],erfari_radiative_efficiency[NOx],erfari_radiative_efficiency[VOC],erfari_radiative_efficiency[NH3],erfari_radiative_efficiency[CH4],erfari_radiative_efficiency[N2O],erfari_radiative_efficiency[Equivalent effective stratospheric chlorine],aci_shape[Sulfur],aci_shape[BC],aci_shape[OC],aci_scale,ozone_radiative_efficiency[CH4],ozone_radiative_efficiency[N2O],ozone_radiative_efficiency[Equivalent effective stratospheric chlorine],ozone_radiative_efficiency[CO],ozone_radiative_efficiency[VOC],ozone_radiative_efficiency[NOx],forcing_scale[CH4],forcing_scale[N2O],forcing_scale[Stratospheric water vapour],forcing_scale[Land use],forcing_scale[Volcanic],forcing_scale[Solar],forcing_scale[Light absorbing particles on snow and ice],forcing_scale[Irrigation],forcing_scale[CO2],forcing_scale[CFC-11],forcing_scale[CFC-12],forcing_scale[CFC-113],forcing_scale[CFC-114],forcing_scale[CFC-115],forcing_scale[HCFC-22],forcing_scale[HCFC-141b],forcing_scale[HCFC-142b],forcing_scale[CCl4],forcing_scale[CHCl3],forcing_scale[CH2Cl2],forcing_scale[CH3Cl],forcing_scale[CH3CCl3],forcing_scale[CH3Br],forcing_scale[Halon-1211],forcing_scale[Halon-1301],forcing_scale[Halon-2402],forcing_scale[CF4],forcing_scale[C2F6],forcing_scale[C3F8],forcing_scale[c-C4F8],forcing_scale[C4F10],forcing_scale[C5F12],forcing_scale[C6F14],forcing_scale[C7F16],forcing_scale[C8F18],forcing_scale[NF3],forcing_scale[SF6],forcing_scale[SO2F2],forcing_scale[HFC-125],forcing_scale[HFC-134a],forcing_scale[HFC-143a],forcing_scale[HFC-152a],forcing_scale[HFC-227ea],forcing_scale[HFC-32],forcing_scale[HFC-365mfc],forcing_scale[HFC-4310mee],forcing_scale[HFC-23],forcing_scale[HFC-236fa],forcing_scale[HFC-245fa],baseline_concentration[CO2],seed,stochastic_run,use_seed
1140683,8.470808986903686,6.127327947905769,7.471913559487321,127.25638640178416,1.2355572546987572,1.5795846683991053,1.1325367206074886,1.3520934551832449,0.8452304160700578,0.4668174927803797,7.514822202635842,28.924765807399854,0.002605771355479,1.612627710223926,0.0046671407641975,0.0278999088687093,-0.0037036795280474,-0.0032038161055984,-6.715442229052097e-05,-2.745178380104888e-05,-0.0005157423231918,-3.2986606111535474e-06,-2.164888670918191e-05,-8.926543693494644e-06,0.0117291019969861,8.914862765896388e-16,0.0030143191499056,-1.2230972790112558,0.0002752630174485,0.0015576211329111,3.732996718434196e-05,-5.271814703270359e-06,0.0004722428327435,0.000863532285889,0.9445687843689312,1.0261890759215784,0.387446582279677,0.632770400156222,1.1083337866073406,1.5506675569460042,0.3746716109388432,1.4280804660872826,0.973229140550351,0.904408693615646,0.904408693615646,0.904408693615646,0.904408693615646,0.904408693615646,0.904408693615646,0.904408693615646,0.904408693615646,0.904408693615646,0.904408693615646,0.904408693615646,0.904408693615646,0.904408693615646,0.904408693615646,0.904408693615646,0.904408693615646,0.904408693615646,0.904408693615646,0.904408693615646,0.904408693615646,0.904408693615646,0.904408693615646,0.904408693615646,0.904408693615646,0.904408693615646,0.904408693615646,0.904408693615646,0.904408693615646,0.904408693615646,0.904408693615646,0.904408693615646,0.904408693615646,0.904408693615646,0.904408693615646,0.904408693615646,0.904408693615646,0.904408693615646,0.904408693615646,0.904408693615646,0.904408693615646,278.0305130870895,456488280,True,True
383255,2.88278139067095,5.263796157413966,15.771853797819434,133.0019757701349,1.5704855756772835,1.4045546159127449,1.606983579516263,0.9686649955548746,0.5766469433773,0.7227636493747073,8.848134142472292,28.4117662660004,0.0014735111257403,2.132362015854912,0.0051269622420554,0.0229380718087433,-0.0051840063445647,-3.46166224730513e-05,-7.695394995653513e-05,-4.25029443826797e-05,-0.0005793526395028,-2.7649783809690338e-06,-3.2268142872744434e-05,-7.112119255722433e-06,0.0050283518758841,0.0004297794042708,0.0249906212916375,-2.4677291643894144,0.0001956548580408,0.0009604700197457,-7.064807489287932e-05,0.0001189260544703,7.915094662038489e-05,-0.0006861816299659,0.9180201201946866,1.149822505277864,0.4102127107470352,0.584546351186972,0.9393183702850468,0.928407879333029,0.9226660902115712,-0.0728447764333641,1.0689467516390945,0.9633759428040944,0.9633759428040944,0.9633759428040944,0.9633759428040944,0.9633759428040944,0.9633759428040944,0.9633759428040944,0.9633759428040944,0.9633759428040944,0.9633759428040944,0.9633759428040944,0.9633759428040944,0.9633759428040944,0.9633759428040944,0.9633759428040944,0.9633759428040944,0.9633759428040944,0.9633759428040944,0.9633759428040944,0.9633759428040944,0.9633759428040944,0.9633759428040944,0.9633759428040944,0.9633759428040944,0.9633759428040944,0.9633759428040944,0.9633759428040944,0.9633759428040944,0.9633759428040944,0.9633759428040944,0.9633759428040944,0.9633759428040944,0.9633759428040944,0.9633759428040944,0.9633759428040944,0.9633759428040944,0.9633759428040944,0.9633759428040944,0.9633759428040944,0.9633759428040944,281.14981062513164,154274508,True,True
1304364,3.9869868697113295,4.065903090164058,9.486373889408624,137.00944288339298,1.003698625627855,1.9667001988139,1.2127163081726955,0.8543487788875097,0.4334677286321269,0.5266479306714368,8.768930311018686,32.576633279438305,0.0002785065247695,1.1372180763139483,0.0039462001452482,0.0489940916720494,-0.0062028524358924,-0.0026224681227884,-8.461482616665303e-05,-1.4970980606364668e-05,-0.0005612372083171,-2.3056666510942206e-06,-2.4114979256888828e-05,-8.470414271783431e-06,0.0024532304685293,9.951510730228198e-05,0.0206169040695069,-5.093739863535971,0.0002713126051401,0.0012581594129563,-0.0001089570016507,-0.0001156292074115,0.0008783491389983,0.0007627632256931,1.037287097166443,0.9646828223188132,0.3759017476663286,1.2666677042869636,0.9385120727673124,1.4078728075885385,1.2186728685597497,1.100394166467729,1.06277141577268,0.9501103940502468,0.9501103940502468,0.9501103940502468,0.9501103940502468,0.9501103940502468,0.9501103940502468,0.9501103940502468,0.9501103940502468,0.9501103940502468,0.9501103940502468,0.9501103940502468,0.9501103940502468,0.9501103940502468,0.9501103940502468,0.9501103940502468,0.9501103940502468,0.9501103940502468,0.9501103940502468,0.9501103940502468,0.9501103940502468,0.9501103940502468,0.9501103940502468,0.9501103940502468,0.9501103940502468,0.9501103940502468,0.9501103940502468,0.9501103940502468,0.9501103940502468,0.9501103940502468,0.9501103940502468,0.9501103940502468,0.9501103940502468,0.9501103940502468,0.9501103940502468,0.9501103940502468,0.9501103940502468,0.9501103940502468,0.9501103940502468,0.9501103940502468,0.9501103940502468,277.4829611421406,521796999,True,True
199570,4.188476049192394,4.356356128946316,27.446591213128293,151.94826341419892,1.7683722195652285,2.9496909776581792,1.159956002714594,1.1259890374311754,0.7421795756227649,0.2486138623318264,6.657830619432624,36.98975938046083,-0.0024036562104087,-2.964244246488975,0.0063259238759706,0.0208721773817188,-0.0093802105221841,-0.0035635380062158,-9.371798421194928e-05,-4.826709534111505e-05,-0.0006121094315685,-2.345557630214226e-06,-1.9497611626681003e-05,-7.766659953313921e-06,0.1581106572867943,1.0661875206318145e-52,0.1672713050134384,-0.3757319180170549,0.0002521005117629,0.0011736712118665,-0.0001246639207559,2.3477740038467835e-05,0.000778306711836,0.0024144072299773,1.0376528556519042,0.9716163724351984,0.4460405045313584,1.1314161030577372,1.075937785708918,1.3641399889287873,1.7357728590348984,0.6345794147764503,0.9113719116631784,1.0051304020595813,1.0051304020595813,1.0051304020595813,1.0051304020595813,1.0051304020595813,1.0051304020595813,1.0051304020595813,1.0051304020595813,1.0051304020595813,1.0051304020595813,1.0051304020595813,1.0051304020595813,1.0051304020595813,1.0051304020595813,1.0051304020595813,1.0051304020595813,1.0051304020595813,1.0051304020595813,1.0051304020595813,1.0051304020595813,1.0051304020595813,1.0051304020595813,1.0051304020595813,1.0051304020595813,1.0051304020595813,1.0051304020595813,1.0051304020595813,1.0051304020595813,1.0051304020595813,1.0051304020595813,1.0051304020595813,1.0051304020595813,1.0051304020595813,1.0051304020595813,1.0051304020595813,1.0051304020595813,1.0051304020595813,1.0051304020595813,1.0051304020595813,1.0051304020595813,277.5642342790012,80984193,True,True
1209713,12.380042618545868,6.019511778871184,27.520894243038796,57.67511614327251,1.270683119918434,2.42041500703613,1.4562891414019463,1.5481696872001514,1.2971712028196984,0.5386021803298656,6.9395429760740175,29.73200837585444,0.0034018583126651,4.184193178986634,0.0006865289464628,0.0114476925405853,-0.0052129516005615,-0.0039881633340789,-7.832881953139597e-05,1.5621233963361067e-05,-0.0006061510755087,-2.476015403378151e-06,-1.7338291154268598e-05,-8.439950607056337e-06,0.0049453864755264,0.0006849535711984,0.0040254461583193,-2.479370268682604,0.0002363216067245,0.0015092775228833,-6.84286165062743e-05,0.0001329703345826,0.0001034785443553,0.0016689759482088,0.9871933819494518,0.9241002625704308,1.0647194209718691,0.1252773468712538,0.8794042391937124,0.982006229847058,1.5183835617289536,2.1897504747759267,0.93203500432559,0.9432215341111618,0.9432215341111618,0.9432215341111618,0.9432215341111618,0.9432215341111618,0.9432215341111618,0.9432215341111618,0.9432215341111618,0.9432215341111618,0.9432215341111618,0.9432215341111618,0.9432215341111618,0.9432215341111618,0.9432215341111618,0.9432215341111618,0.9432215341111618,0.9432215341111618,0.9432215341111618,0.9432215341111618,0.9432215341111618,0.9432215341111618,0.9432215341111618,0.9432215341111618,0.9432215341111618,0.9432215341111618,0.9432215341111618,0.9432215341111618,0.9432215341111618,0.9432215341111618,0.9432215341111618,0.9432215341111618,0.9432215341111618,0.9432215341111618,0.9432215341111618,0.9432215341111618,0.9432215341111618,0.9432215341111618,0.9432215341111618,0.9432215341111618,0.9432215341111618,277.28887961174223,484031250,True,True
82062,11.27718390599266,1.9196147373848125,10.094437631293305,68.94254970497886,1.4041393103441708,4.296729216453636,0.958444998862908,1.4972898124907548,1.2157019234130746,0.2646182058200849,8.378728118411415,28.25862630309854,0.0026976085841871,6.161137041926095,-0.0005955699320583,0.0251863218639371,-0.0052481050104769,-0.0047824105838286,-8.545367628308327e-05,-3.78656781547466e-05,-0.0006275527488758,-2.6131358184250663e-06,-4.797098025951925e-05,-8.145695913052903e-06,0.0008584839292588,0.0003189610024282,1.507195909936432e-13,-9.844019454427013,0.0002108140692435,0.0014870435440314,-2.260333057590197e-05,-3.920619004681834e-05,0.0002501272215184,0.0001663007305477,1.0012062858157669,0.9080434318023292,1.3227061519882883,0.7364030778911377,0.8696209112196398,0.3390574921427621,1.6650961865978902,1.5110136901934612,1.0341828185323358,1.0713116962475575,1.0713116962475575,1.0713116962475575,1.0713116962475575,1.0713116962475575,1.0713116962475575,1.0713116962475575,1.0713116962475575,1.0713116962475575,1.0713116962475575,1.0713116962475575,1.0713116962475575,1.0713116962475575,1.0713116962475575,1.0713116962475575,1.0713116962475575,1.0713116962475575,1.0713116962475575,1.0713116962475575,1.0713116962475575,1.0713116962475575,1.0713116962475575,1.0713116962475575,1.0713116962475575,1.0713116962475575,1.0713116962475575,1.0713116962475575,1.0713116962475575,1.0713116962475575,1.0713116962475575,1.0713116962475575,1.0713116962475575,1.0713116962475575,1.0713116962475575,1.0713116962475575,1.0713116962475575,1.0713116962475575,1.0713116962475575,1.0713116962475575,1.0713116962475575,282.5268921169672,34098501,True,True
1214250,4.528149320516965,4.603244384777116,20.038569252688987,177.72934583279024,2.2335499041242164,2.6474163971914138,0.7030839529818036,0.7625889285919285,0.8560806541392728,0.708448645643313,10.403047739615984,29.99378984131256,0.0023067730069177,3.257697054104739,0.0012305617900458,0.0206806269798816,-0.0051409082968199,-0.0008578474859249,-9.992870248512696e-05,-4.257151258089647e-05,-0.0006216119514862,-1.861382172818928e-06,1.6338485513641293e-05,-7.519561149257388e-06,0.0056782016832062,6.935176718838991e-12,0.0174381866860378,-1.8082339322403975,0.0002278476412573,0.0017838426500027,-8.803080136753621e-06,0.0001410439442696,0.0001144414844713,0.000639742901021,0.9585195713815904,1.083030429093112,1.405699749321889,1.1730016136786832,1.2285018899565765,0.7812956634744199,1.971505199124016,1.529925345492548,1.1842633188044724,1.041436158612587,1.041436158612587,1.041436158612587,1.041436158612587,1.041436158612587,1.041436158612587,1.041436158612587,1.041436158612587,1.041436158612587,1.041436158612587,1.041436158612587,1.041436158612587,1.041436158612587,1.041436158612587,1.041436158612587,1.041436158612587,1.041436158612587,1.041436158612587,1.041436158612587,1.041436158612587,1.041436158612587,1.041436158612587,1.041436158612587,1.041436158612587,1.041436158612587,1.041436158612587,1.041436158612587,1.041436158612587,1.041436158612587,1.041436158612587,1.041436158612587,1.041436158612587,1.041436158612587,1.041436158612587,1.041436158612587,1.041436158612587,1.041436158612587,1.041436158612587,1.041436158612587,1.041436158612587,279.3765850243471,485841513,True,True
62272,3.769560299054315,2.426829421319318,11.552711613812155,197.08275843263783,1.1854341077691153,7.825572922134071,0.7359326786397649,1.3539027656408824,0.8468683593117504,0.5506820383151516,8.636534346754285,33.542973559903324,-0.0010469223474907,-0.508771955965583,0.0064684870960646,0.0349852703974391,-0.0041015345148557,-0.0030902195122192,-7.231111059833489e-05,-4.607712386961472e-05,-0.0006318416748775,-1.8552210563749287e-06,-8.552558974747774e-06,-8.12136034183554e-06,0.0098294947781806,0.0001202268954807,0.0608937046620271,-2.4313634770629475,0.0002485518165312,0.001162342224071,-4.564192468697489e-05,-4.063812133163352e-05,0.0004424288476498,0.0008452842657005,0.9959490940294954,0.993878256575332,1.2041960432526175,0.2683102717593875,1.039492729972524,1.0881236094526971,1.4000923099631468,0.5701262026018141,1.0532387138090633,1.103782887453766,1.103782887453766,1.103782887453766,1.103782887453766,1.103782887453766,1.103782887453766,1.103782887453766,1.103782887453766,1.103782887453766,1.103782887453766,1.103782887453766,1.103782887453766,1.103782887453766,1.103782887453766,1.103782887453766,1.103782887453766,1.103782887453766,1.103782887453766,1.103782887453766,1.103782887453766,1.103782887453766,1.103782887453766,1.103782887453766,1.103782887453766,1.103782887453766,1.103782887453766,1.103782887453766,1.103782887453766,1.103782887453766,1.103782887453766,1.103782887453766,1.103782887453766,1.103782887453766,1.103782887453766,1.103782887453766,1.103782887453766,1.103782887453766,1.103782887453766,1.103782887453766,1.103782887453766,276.7954328028708,26202291,True,True
43789,5.358225842733582,3.257193366699923,8.981783659151354,77.36336420972705,1.0634735478087658,3.451667308925408,0.551081038310678,0.7576213037405479,0.6140230160762733,0.4721713066282614,7.695348547896349,28.18107302812674,0.0034216876982444,1.865920764278115,0.0031879748444289,0.0089833306190405,-0.0053838661523809,-0.0039318021665711,-7.99070316509514e-05,-3.1632206074083834e-05,-0.0005957932990363,-1.686252048192374e-06,-3.3141334633270915e-05,-7.711523641834003e-06,1.6481218724832226e-06,2.6601089744122084e-73,2.438231127803412e-06,-4237.321861360187,0.000190853554557,0.0015009872250182,-5.399258408525155e-05,-2.059988963586784e-05,0.0004664435502897,-3.659265740549051e-05,1.1235190437662357,1.0740685354987158,0.771552417042326,0.4231215967278509,0.676668940098185,0.4970761903734054,0.1771348901119207,-0.3836656173613755,0.9867645184818484,0.7882493393964529,0.7882493393964529,0.7882493393964529,0.7882493393964529,0.7882493393964529,0.7882493393964529,0.7882493393964529,0.7882493393964529,0.7882493393964529,0.7882493393964529,0.7882493393964529,0.7882493393964529,0.7882493393964529,0.7882493393964529,0.7882493393964529,0.7882493393964529,0.7882493393964529,0.7882493393964529,0.7882493393964529,0.7882493393964529,0.7882493393964529,0.7882493393964529,0.7882493393964529,0.7882493393964529,0.7882493393964529,0.7882493393964529,0.7882493393964529,0.7882493393964529,0.7882493393964529,0.7882493393964529,0.7882493393964529,0.7882493393964529,0.7882493393964529,0.7882493393964529,0.7882493393964529,0.7882493393964529,0.7882493393964529,0.7882493393964529,0.7882493393964529,0.7882493393964529,278.8084202513481,18827574,True,True
912463,3.558400610107576,7.006076762176232,10.240717801972837,71.42809323820505,1.1397310844862376,2.125777057612051,1.2957028119291465,1.4123198827358996,0.3551501333087395,0.5099077578573037,6.560850223682289,33.06647853893957,0.0015830197972079,2.570889192957284,0.0012760844471054,0.0332281747665905,-0.0069479454605725,-0.0032185616598541,-7.297873889921095e-05,1.6938946624539558e-06,-0.0005371056429446,-2.7554740444489584e-06,-2.336026595230513e-05,-7.333172998850711e-06,0.0025770393132357,0.0053363652478405,4.5160730685746025e-17,-2.9262889277020943,0.0002265087081472,0.0009736507594294,-3.368357088078608e-05,-0.0002991762636797,0.0005402203423923,0.0008466776802341,0.8663219284944745,1.012227211899218,1.105233241068709,0.8778270143996937,0.7016322663654267,0.8563760004700804,0.1399351354097012,-0.1908006584268564,0.9046499846854033,0.9763447913009564,0.9763447913009564,0.9763447913009564,0.9763447913009564,0.9763447913009564,0.9763447913009564,0.9763447913009564,0.9763447913009564,0.9763447913009564,0.9763447913009564,0.9763447913009564,0.9763447913009564,0.9763447913009564,0.9763447913009564,0.9763447913009564,0.9763447913009564,0.9763447913009564,0.9763447913009564,0.9763447913009564,0.9763447913009564,0.9763447913009564,0.9763447913009564,0.9763447913009564,0.9763447913009564,0.9763447913009564,0.9763447913009564,0.9763447913009564,0.9763447913009564,0.9763447913009564,0.9763447913009564,0.9763447913009564,0.9763447913009564,0.9763447913009564,0.9763447913009564,0.9763447913009564,0.9763447913009564,0.9763447913009564,0.9763447913009564,0.9763447913009564,0.9763447913009564,275.88576595275885,365428500,True,True
1492583,18.165534970287812,2.060175184594737,17.771072191312122,43.786135068994206,1.4542224023277417,5.906347638398014,0.5781758901962004,1.432428929340435,1.8032909864019893,0.4717770033014967,9.514648232697107,25.80761413020017,0.0059992475723647,1.2396246990402535,0.0031907064202475,0.0310251889573908,-0.0069478317671878,-0.0038702157885551,-9.91414774490194e-05,-4.416537283039586e-05,-0.0005860127638942,-2.0959157378777505e-06,-1.5220688910234833e-05,-8.385891448954202e-06,0.0034440068054247,5.446464397580344,0.0002879174838452,-0.7392523862762415,0.0002956585316551,0.0017324065963918,-0.000108031536305,-9.166838175072144e-05,0.0002491105038615,0.0013135479057371,0.982655783649556,0.907388878611034,0.145074429188231,0.7993435229588989,0.981553937729579,1.0401177577939256,1.660153403533764,0.535400836114249,1.1170448922247227,0.9730168447180094,0.9730168447180094,0.9730168447180094,0.9730168447180094,0.9730168447180094,0.9730168447180094,0.9730168447180094,0.9730168447180094,0.9730168447180094,0.9730168447180094,0.9730168447180094,0.9730168447180094,0.9730168447180094,0.9730168447180094,0.9730168447180094,0.9730168447180094,0.9730168447180094,0.9730168447180094,0.9730168447180094,0.9730168447180094,0.9730168447180094,0.9730168447180094,0.9730168447180094,0.9730168447180094,0.9730168447180094,0.9730168447180094,0.9730168447180094,0.9730168447180094,0.9730168447180094,0.9730168447180094,0.9730168447180094,0.9730168447180094,0.9730168447180094,0.9730168447180094,0.9730168447180094,0.9730168447180094,0.9730168447180094,0.9730168447180094,0.9730168447180094,0.9730168447180094,279.69157813259113,596896380,True,True
426331,15.566017830868445,5.354897079625529,19.197944153518403,78.50573612716293,1.3901720008889793,2.0586788769234947,1.1492973323269164,1.1431511773366188,1.612819948825797,0.508250169389689,7.488004330294965,28.55360659536586,0.0027537425441491,1.9768767616800536,0.0042628587882997,0.0178956757368224,-0.0056876724551637,-0.0045142542710358,-0.0001072743000364,-1.924108216192151e-05,-0.0006176960429196,-1.4398208951327994e-06,-5.06796080867967e-05,-7.447954785127468e-06,0.0063228785141137,3.158014676187955e-05,0.0585572941316116,-1.545078099161745,0.0002168651173618,0.0015904852708756,2.635138906893553e-05,2.331092152980833e-05,0.0008603097713036,0.0016868943647101,1.0287674352936196,1.136024576908235,0.512160256204112,1.066188374896483,1.0409927162489194,0.8759311380728966,0.7337776692211928,0.965410281184699,0.9710563349840472,0.7030035595427953,0.7030035595427953,0.7030035595427953,0.7030035595427953,0.7030035595427953,0.7030035595427953,0.7030035595427953,0.7030035595427953,0.7030035595427953,0.7030035595427953,0.7030035595427953,0.7030035595427953,0.7030035595427953,0.7030035595427953,0.7030035595427953,0.7030035595427953,0.7030035595427953,0.7030035595427953,0.7030035595427953,0.7030035595427953,0.7030035595427953,0.7030035595427953,0.7030035595427953,0.7030035595427953,0.7030035595427953,0.7030035595427953,0.7030035595427953,0.7030035595427953,0.7030035595427953,0.7030035595427953,0.7030035595427953,0.7030035595427953,0.7030035595427953,0.7030035595427953,0.7030035595427953,0.7030035595427953,0.7030035595427953,0.7030035595427953,0.7030035595427953,0.7030035595427953,279.1115607587968,171461832,True,True
1334716,4.158102462928138,3.0140232773105056,10.576769179096416,93.91123628915534,1.877487043723346,4.317965784272802,1.1823627986102303,1.1387441344512248,1.3239957779760505,0.5162102187471194,10.579228711658184,32.82321030288283,0.0018761742251272,1.8954228260822008,0.0016434223394831,0.0097168109807461,-0.001835822841573,-0.0042769821894282,-9.50402743788806e-05,-3.6416293895382e-06,-0.0005805914885174,-2.989564475805354e-06,6.269533583227533e-06,-8.66049126108553e-06,0.0060542492143953,0.0064466537147045,0.0006310684737214,-1.2343988919157214,0.0002174898308098,0.0012694378228185,3.247675172430501e-06,7.808976577160861e-06,0.0004424610214384,0.0015789632906752,1.093985173192097,0.8235147488616454,1.411607466063653,0.7280592909736596,0.6093103519310399,1.65684924419849,0.9351318008628152,1.014766379725479,1.2004528804898214,1.0062943151061314,1.0062943151061314,1.0062943151061314,1.0062943151061314,1.0062943151061314,1.0062943151061314,1.0062943151061314,1.0062943151061314,1.0062943151061314,1.0062943151061314,1.0062943151061314,1.0062943151061314,1.0062943151061314,1.0062943151061314,1.0062943151061314,1.0062943151061314,1.0062943151061314,1.0062943151061314,1.0062943151061314,1.0062943151061314,1.0062943151061314,1.0062943151061314,1.0062943151061314,1.0062943151061314,1.0062943151061314,1.0062943151061314,1.0062943151061314,1.0062943151061314,1.0062943151061314,1.0062943151061314,1.0062943151061314,1.0062943151061314,1.0062943151061314,1.0062943151061314,1.0062943151061314,1.0062943151061314,1.0062943151061314,1.0062943151061314,1.0062943151061314,1.0062943151061314,275.09144920582656,533907447,True,True
472089,0.5340496093555318,4.409639302632472,18.26150965380451,83.30293979588588,1.9250341791003225,3.0293988475700147,0.27377084595874,1.1346148662496698,0.0818684133451127,0.384743500820839,7.519773254950284,32.10640844357825,0.0009185196996656,4.8370756971929705,0.0004197362483996,0.0068324268939726,-0.0025106425155091,-0.0043043260285888,-3.990076826246979e-05,-4.814920541037011e-06,-0.0005626555482489,-1.4335371536805807e-06,-2.010895247361985e-05,-9.03935506029318e-06,6.592181152530128e-07,2.91381011176641e-75,4.446220529286527e-06,-4297.186230633726,0.000267410506508,0.0015364709051527,-1.732511012168449e-05,7.228188062945813e-05,6.833032875251888e-05,0.0021139160896613,1.066546154589917,1.015571506021519,2.0132487921230915,1.2175671022426866,1.2046681528573158,1.2237938313363692,0.7200387397372556,1.901266790257688,0.9735639764061372,1.052819253058367,1.052819253058367,1.052819253058367,1.052819253058367,1.052819253058367,1.052819253058367,1.052819253058367,1.052819253058367,1.052819253058367,1.052819253058367,1.052819253058367,1.052819253058367,1.052819253058367,1.052819253058367,1.052819253058367,1.052819253058367,1.052819253058367,1.052819253058367,1.052819253058367,1.052819253058367,1.052819253058367,1.052819253058367,1.052819253058367,1.052819253058367,1.052819253058367,1.052819253058367,1.052819253058367,1.052819253058367,1.052819253058367,1.052819253058367,1.052819253058367,1.052819253058367,1.052819253058367,1.052819253058367,1.052819253058367,1.052819253058367,1.052819253058367,1.052819253058367,1.052819253058367,1.052819253058367,276.062246375669,189719274,True,True
831398,3.4051544080578795,4.761720798894146,10.80118084849813,191.1605313250966,1.585021218741812,2.000587955541153,1.009432199620229,0.8816065497370413,0.4880440955905407,0.5432475247013988,9.414059098160664,28.27282216297248,0.0039572427373207,3.288493730978005,0.0026239950591358,0.0444609178001794,-0.0018791863278505,-0.0039008364237728,-6.755969125985376e-05,-3.704371295588024e-05,-0.0005510456527312,-9.591020361480366e-07,-8.910331728489893e-06,-7.85446143746096e-06,0.0017942802786982,0.1721988947342297,3.764980945540497e-17,-2.8025800821024074,0.0001971640937622,0.0013715266672635,-4.371046021640265e-05,0.0003053859734922,0.0003040726674447,0.0010650823386868,1.0169911126297595,0.9382389923962524,1.459338637112444,0.393643162144388,1.1901206102768596,0.888747928478949,0.5202762391001974,0.8190047771246802,1.109707434649923,0.9317934066287448,0.9317934066287448,0.9317934066287448,0.9317934066287448,0.9317934066287448,0.9317934066287448,0.9317934066287448,0.9317934066287448,0.9317934066287448,0.9317934066287448,0.9317934066287448,0.9317934066287448,0.9317934066287448,0.9317934066287448,0.9317934066287448,0.9317934066287448,0.9317934066287448,0.9317934066287448,0.9317934066287448,0.9317934066287448,0.9317934066287448,0.9317934066287448,0.9317934066287448,0.9317934066287448,0.9317934066287448,0.9317934066287448,0.9317934066287448,0.9317934066287448,0.9317934066287448,0.9317934066287448,0.9317934066287448,0.9317934066287448,0.9317934066287448,0.9317934066287448,0.9317934066287448,0.9317934066287448,0.9317934066287448,0.9317934066287448,0.9317934066287448,0.9317934066287448,277.9639183657312,333083565,True,True
472773,12.841641084975077,3.5050858431785628,17.21206282712489,62.56072344298872,1.2899813749172375,4.146750299160171,0.9205112199253168,1.2839075121159027,1.5560654974206225,0.5520409607846736,9.009351666173258,28.55656803535799,0.0031227097462894,4.490947325561575,0.0008965205589918,0.0202320198149654,-0.0023913254689335,-0.0012949676690914,-0.0001048376014863,-4.27400203869723e-05,-0.0005990507369012,-2.163826365409541e-06,-3.9513004709080645e-05,-8.834667854128654e-06,0.0053155443548166,2.3697074113800517e-17,0.0060158039993241,-2.345667225170126,0.0002738365162952,0.001125993354232,-8.422305033947862e-05,0.0001512325489041,0.000509296149248,0.0014257434295241,0.7915657860625146,1.0418211801546209,-0.7934935063311181,0.8287084843451922,1.0475457050455743,1.8211630745678364,0.9493658517599946,0.8494444541131725,1.0809491180377275,1.0976013013570856,1.0976013013570856,1.0976013013570856,1.0976013013570856,1.0976013013570856,1.0976013013570856,1.0976013013570856,1.0976013013570856,1.0976013013570856,1.0976013013570856,1.0976013013570856,1.0976013013570856,1.0976013013570856,1.0976013013570856,1.0976013013570856,1.0976013013570856,1.0976013013570856,1.0976013013570856,1.0976013013570856,1.0976013013570856,1.0976013013570856,1.0976013013570856,1.0976013013570856,1.0976013013570856,1.0976013013570856,1.0976013013570856,1.0976013013570856,1.0976013013570856,1.0976013013570856,1.0976013013570856,1.0976013013570856,1.0976013013570856,1.0976013013570856,1.0976013013570856,1.0976013013570856,1.0976013013570856,1.0976013013570856,1.0976013013570856,1.0976013013570856,1.0976013013570856,279.34354984831776,189992190,True,True
109264,15.212038407928784,3.7492512357754,10.941471599244291,174.31371957927342,1.1765533274796025,2.077895196494562,0.7110943670044171,0.6943234934651754,1.0683830775495728,0.5228152626662895,6.678264286237946,26.478642421805155,0.0068731697134052,2.6955086760218747,0.0002196784780356,0.0135748552419495,-0.0080223818732158,-0.0036159300086737,-7.756256666401314e-05,-2.462253084879562e-05,-0.0006157898928931,-1.7964159829344084e-06,-2.76040470739992e-05,-7.792784578336133e-06,0.0073198716263009,209.24995680184023,2.2101740049393904e-11,-1.2383059908886926,0.0003366117450098,0.0012175649433082,1.177223410502176e-05,-4.109642952648808e-06,0.0003404905333207,0.0020350183805515,1.008715648323346,0.8267394416612117,0.0697875168707995,1.610120855541937,1.2371028514031246,0.803716247116247,2.16847999234462,0.7435210658362066,0.9127242712122152,1.0805833468134405,1.0805833468134405,1.0805833468134405,1.0805833468134405,1.0805833468134405,1.0805833468134405,1.0805833468134405,1.0805833468134405,1.0805833468134405,1.0805833468134405,1.0805833468134405,1.0805833468134405,1.0805833468134405,1.0805833468134405,1.0805833468134405,1.0805833468134405,1.0805833468134405,1.0805833468134405,1.0805833468134405,1.0805833468134405,1.0805833468134405,1.0805833468134405,1.0805833468134405,1.0805833468134405,1.0805833468134405,1.0805833468134405,1.0805833468134405,1.0805833468134405,1.0805833468134405,1.0805833468134405,1.0805833468134405,1.0805833468134405,1.0805833468134405,1.0805833468134405,1.0805833468134405,1.0805833468134405,1.0805833468134405,1.0805833468134405,1.0805833468134405,1.0805833468134405,279.62573560380264,44952099,True,True
1459399,23.30963584678263,3.768496970815395,16.9245968319429,85.02674986218804,1.836121416030244,5.3301206888832695,1.2137601746588715,1.173320249236783,2.3560873223607377,0.5435711631671567,8.946236637309127,28.941185609894752,0.0034087958422139,2.184650980700929,0.0031690917727495,0.0398814448799771,-0.0101182475914111,-0.0044874207206162,-0.0001121186059738,-1.499720741859586e-05,-0.0005806327679307,-1.021021283165359e-06,-2.7826222157281328e-05,-7.307994404192852e-06,1.2939664512555888e-06,1.2271987286242808e-71,4.930105186638174e-06,-1872.10120649682,0.0002269300453558,0.0010664518825372,-0.0001985259055219,-4.365818166411712e-07,-4.492318279953537e-06,0.0021522993446077,0.939907552147079,0.9534290142816004,1.722290142580218,1.1763344875901385,0.931828575894491,1.63648820860936,0.0826948409430391,2.118353228634766,1.0762170911079525,0.978802213682493,0.978802213682493,0.978802213682493,0.978802213682493,0.978802213682493,0.978802213682493,0.978802213682493,0.978802213682493,0.978802213682493,0.978802213682493,0.978802213682493,0.978802213682493,0.978802213682493,0.978802213682493,0.978802213682493,0.978802213682493,0.978802213682493,0.978802213682493,0.978802213682493,0.978802213682493,0.978802213682493,0.978802213682493,0.978802213682493,0.978802213682493,0.978802213682493,0.978802213682493,0.978802213682493,0.978802213682493,0.978802213682493,0.978802213682493,0.978802213682493,0.978802213682493,0.978802213682493,0.978802213682493,0.978802213682493,0.978802213682493,0.978802213682493,0.978802213682493,0.978802213682493,0.978802213682493,277.65023266800057,583655964,True,True
635775,12.378378236398609,5.148835272709845,27.044415993805483,37.25473483775019,1.4032790122942178,2.064169785993434,2.3239137432855363,1.5202349191778417,1.4811086472875747,0.7635597905782826,8.686130153127356,27.296152522661835,0.0049310450936113,1.487049238832021,0.0032576175705415,0.0184984665380022,-0.00451348859199,-0.0038216914877748,-8.385504564552969e-05,-2.475304223958612e-06,-0.0005723990100166,-3.7055583002615194e-06,-1.740818553100134e-05,-7.14238402741806e-06,0.0067854846872562,1.2229760689546456,0.0062882424911379,-1.1023904356010374,0.0001986188544042,0.0013487395060888,0.0001162149218348,-2.321353296714724e-05,0.0004516006731711,0.0018949774237306,1.1110811006888093,1.0055517413449258,1.8109196547051816,1.6607819639457244,0.8335744376298352,0.947923170815752,1.5213196201019288,0.6012927871510301,1.0567024628483987,1.0320946396957569,1.0320946396957569,1.0320946396957569,1.0320946396957569,1.0320946396957569,1.0320946396957569,1.0320946396957569,1.0320946396957569,1.0320946396957569,1.0320946396957569,1.0320946396957569,1.0320946396957569,1.0320946396957569,1.0320946396957569,1.0320946396957569,1.0320946396957569,1.0320946396957569,1.0320946396957569,1.0320946396957569,1.0320946396957569,1.0320946396957569,1.0320946396957569,1.0320946396957569,1.0320946396957569,1.0320946396957569,1.0320946396957569,1.0320946396957569,1.0320946396957569,1.0320946396957569,1.0320946396957569,1.0320946396957569,1.0320946396957569,1.0320946396957569,1.0320946396957569,1.0320946396957569,1.0320946396957569,1.0320946396957569,1.0320946396957569,1.0320946396957569,1.0320946396957569,278.1286018779263,255029988,True,True
566854,1.8056782869768544,5.073002371265757,6.528326236789883,57.96649697104539,1.0583918819451028,2.229650917095372,0.6039588380415783,1.714192298567239,0.8285895685541597,0.5798281648620042,8.085774787437012,28.289853926868297,0.0041338862384488,3.496310129164642,0.0004384852162398,0.0099678165990262,-0.0068978674464502,-0.0032388876423658,-7.059170567161946e-05,-2.8117771882075257e-05,-0.0006405040252823,1.0721668503413317e-07,-4.061928057627713e-05,-7.29167219384616e-06,0.0074240504143629,27.203502330345085,2.0984838264185835e-11,-0.8768042823978583,0.0002735255443378,0.0011653521590787,-0.0001227995271329,0.0001627241752464,0.000595996538243,0.0005722820121485,1.033128467776766,0.9264539320704376,0.3079479942038255,0.9513073184397416,0.9447382351940592,0.7224835305553139,0.5325509589122035,1.5877538090858896,1.014347479616789,0.8760768176354579,0.8760768176354579,0.8760768176354579,0.8760768176354579,0.8760768176354579,0.8760768176354579,0.8760768176354579,0.8760768176354579,0.8760768176354579,0.8760768176354579,0.8760768176354579,0.8760768176354579,0.8760768176354579,0.8760768176354579,0.8760768176354579,0.8760768176354579,0.8760768176354579,0.8760768176354579,0.8760768176354579,0.8760768176354579,0.8760768176354579,0.8760768176354579,0.8760768176354579,0.8760768176354579,0.8760768176354579,0.8760768176354579,0.8760768176354579,0.8760768176354579,0.8760768176354579,0.8760768176354579,0.8760768176354579,0.8760768176354579,0.8760768176354579,0.8760768176354579,0.8760768176354579,0.8760768176354579,0.8760768176354579,0.8760768176354579,0.8760768176354579,0.8760768176354579,280.1759703199799,227530509,True,True
1543946,0.7998151748938278,4.5467805777879455,29.433033225234595,160.83995038267096,1.3588710982074097,1.5974651652163294,0.048575896980222,1.1753275406306771,0.4717081895656047,0.5370912850295533,7.142355668790791,30.46364785599396,0.0010413861215255,6.401601670265807,-0.0002024505905507,0.0530890444022943,-0.0049294492738757,-0.0020707068601571,-8.021062841509276e-05,-3.328206801479731e-05,-0.0005725350588168,-3.3513095082395267e-06,-2.2501979191308603e-05,-8.650694239829942e-06,0.0020786975196771,8.492002031543565e-19,0.0050031087551539,-4.697715553498825,0.0002031460720026,0.0011752929162724,-5.447488739902546e-05,5.0426202073571344e-05,0.000248167956114,-0.0005070029024126,0.8796840568204922,1.0752934957726743,1.1177212508257828,1.3143526281397817,1.016041656587474,0.9498113932586858,0.6211255953655069,-0.2253632713574593,0.945968038225292,1.1201015900892486,1.1201015900892486,1.1201015900892486,1.1201015900892486,1.1201015900892486,1.1201015900892486,1.1201015900892486,1.1201015900892486,1.1201015900892486,1.1201015900892486,1.1201015900892486,1.1201015900892486,1.1201015900892486,1.1201015900892486,1.1201015900892486,1.1201015900892486,1.1201015900892486,1.1201015900892486,1.1201015900892486,1.1201015900892486,1.1201015900892486,1.1201015900892486,1.1201015900892486,1.1201015900892486,1.1201015900892486,1.1201015900892486,1.1201015900892486,1.1201015900892486,1.1201015900892486,1.1201015900892486,1.1201015900892486,1.1201015900892486,1.1201015900892486,1.1201015900892486,1.1201015900892486,1.1201015900892486,1.1201015900892486,1.1201015900892486,1.1201015900892486,1.1201015900892486,280.53568726794043,617390217,True,True
722933,2.6651798149776185,4.147372318389982,13.586002217070044,69.39282812198881,1.2716107237172731,2.084644504011664,0.2215724278033,1.1790883415642934,0.8335397506878554,0.6443756831795572,8.098753933087341,33.871542511579555,-0.0008671614943672,0.5671338638070171,0.0044060521752037,0.0179201260803166,-0.0044492760871095,-0.0069124066283164,-8.365507888357655e-05,-2.4593968995983265e-05,-0.0006114182710897,-3.014244820424202e-06,-1.6498590154709983e-05,-9.028500783267795e-06,0.0020484116844055,95.02030653881384,2.909439321827069e-16,-0.9078625057406816,0.0001875300963028,0.0012079173387013,4.65314010878908e-05,7.53825906618039e-05,-3.841622065412734e-05,0.0021361217218803,1.0712902313881136,0.9438792028512998,1.826066603341394,1.367696537316891,0.8365522949110561,0.856741178401336,1.338269041733875,0.3920737152143665,1.0152303752501952,1.0666641231873497,1.0666641231873497,1.0666641231873497,1.0666641231873497,1.0666641231873497,1.0666641231873497,1.0666641231873497,1.0666641231873497,1.0666641231873497,1.0666641231873497,1.0666641231873497,1.0666641231873497,1.0666641231873497,1.0666641231873497,1.0666641231873497,1.0666641231873497,1.0666641231873497,1.0666641231873497,1.0666641231873497,1.0666641231873497,1.0666641231873497,1.0666641231873497,1.0666641231873497,1.0666641231873497,1.0666641231873497,1.0666641231873497,1.0666641231873497,1.0666641231873497,1.0666641231873497,1.0666641231873497,1.0666641231873497,1.0666641231873497,1.0666641231873497,1.0666641231873497,1.0666641231873497,1.0666641231873497,1.0666641231873497,1.0666641231873497,1.0666641231873497,1.0666641231873497,279.04463586611723,289806030,True,True
1501254,2.0450792991244784,5.164840464129873,19.22310603750805,51.36498408175896,1.1629336109302226,1.58807324510031,1.0243665473025625,1.7279327592060123,0.433121094853358,0.3041160125815428,6.942924955564365,33.55583287491157,-0.0004859426751687,1.90477207194856,0.0027932246096834,0.041803065559004,-0.0007206617353161,-0.0033914660385072,-7.540672658507932e-05,6.548594510555428e-06,-0.000612531304445,-9.477817664909044e-07,-3.2670328319931474e-05,-7.09372331209308e-06,0.0065542170017482,0.1684846797672464,6.133441487468288e-11,-1.3220570561574654,0.0001641508973693,0.0013726773419554,-3.2161988448940413e-05,4.368048376197594e-05,0.0002796275880663,0.0009190239739626,0.901980149518674,1.045358652411565,1.7009600059951064,0.6570865727245809,0.7601599370590633,0.5578667969034545,2.0986392374009464,1.980156095165724,0.9322793894228658,1.0348248738123609,1.0348248738123609,1.0348248738123609,1.0348248738123609,1.0348248738123609,1.0348248738123609,1.0348248738123609,1.0348248738123609,1.0348248738123609,1.0348248738123609,1.0348248738123609,1.0348248738123609,1.0348248738123609,1.0348248738123609,1.0348248738123609,1.0348248738123609,1.0348248738123609,1.0348248738123609,1.0348248738123609,1.0348248738123609,1.0348248738123609,1.0348248738123609,1.0348248738123609,1.0348248738123609,1.0348248738123609,1.0348248738123609,1.0348248738123609,1.0348248738123609,1.0348248738123609,1.0348248738123609,1.0348248738123609,1.0348248738123609,1.0348248738123609,1.0348248738123609,1.0348248738123609,1.0348248738123609,1.0348248738123609,1.0348248738123609,1.0348248738123609,1.0348248738123609,278.32925671328246,600356109,True,True
1174725,8.232563638727346,4.513112172603969,28.39521921740097,78.93878718600824,1.2414788342003584,1.3764085729118367,0.9955126562240508,1.3251313468517163,0.714066467730563,0.4123365007762349,7.858837501599673,31.20189574216558,0.0007037364207034,1.9777625101099687,0.003825280555713,0.0269814039119407,-0.0017140559236506,-0.0017650283037479,-7.961349337689255e-05,-2.1499628578669416e-05,-0.000669012177074,-2.8862786310395745e-06,-4.328890193261829e-05,-6.986212671179948e-06,0.0054178700689113,0.0004018289417631,0.005510916805723,-2.570349432897414,0.0001769661779254,0.0014144497327011,-4.769903120726367e-05,0.0001368635578401,0.0004146486973041,0.0011085215960999,1.1264812072964596,0.960924130925644,0.9862244123657948,1.1822141365587224,1.2112261437105687,1.275088636464254,0.818587407565199,1.6181299310409134,0.9984870358320722,0.8257640314607257,0.8257640314607257,0.8257640314607257,0.8257640314607257,0.8257640314607257,0.8257640314607257,0.8257640314607257,0.8257640314607257,0.8257640314607257,0.8257640314607257,0.8257640314607257,0.8257640314607257,0.8257640314607257,0.8257640314607257,0.8257640314607257,0.8257640314607257,0.8257640314607257,0.8257640314607257,0.8257640314607257,0.8257640314607257,0.8257640314607257,0.8257640314607257,0.8257640314607257,0.8257640314607257,0.8257640314607257,0.8257640314607257,0.8257640314607257,0.8257640314607257,0.8257640314607257,0.8257640314607257,0.8257640314607257,0.8257640314607257,0.8257640314607257,0.8257640314607257,0.8257640314607257,0.8257640314607257,0.8257640314607257,0.8257640314607257,0.8257640314607257,0.8257640314607257,278.2663971190205,470071038,True,True
1254790,8.602071289592118,5.490378992684017,9.45667360585677,159.0921541716915,1.2529894135951405,2.62827895027165,1.5214397803366289,1.2179184385636028,0.9508926663217508,0.5799985540770407,8.078629522506345,28.681274736968472,0.0032114629614573,5.197584243184005,-5.407824143737611e-05,0.0656134849517809,-0.0038477372989728,-0.002562714255529,-6.783254711736186e-05,-2.789293810136961e-05,-0.000622415034427,-3.3854641609901528e-06,-4.0957855041499546e-05,-7.256881817506554e-06,0.0027027832675625,0.0025461140672654,0.002605895474556,-4.449324051516887,0.0002449350638399,0.0011272771213566,-3.428565332608091e-05,9.085135219139949e-05,0.0012033737585842,0.0010629068674326,0.9383542903064428,0.8697715927200845,0.7284834098492551,0.7351409814880203,0.8544436336429555,1.2002502492857512,0.6417263092605916,0.264270477957953,1.0137957768752697,1.0618053370746918,1.0618053370746918,1.0618053370746918,1.0618053370746918,1.0618053370746918,1.0618053370746918,1.0618053370746918,1.0618053370746918,1.0618053370746918,1.0618053370746918,1.0618053370746918,1.0618053370746918,1.0618053370746918,1.0618053370746918,1.0618053370746918,1.0618053370746918,1.0618053370746918,1.0618053370746918,1.0618053370746918,1.0618053370746918,1.0618053370746918,1.0618053370746918,1.0618053370746918,1.0618053370746918,1.0618053370746918,1.0618053370746918,1.0618053370746918,1.0618053370746918,1.0618053370746918,1.0618053370746918,1.0618053370746918,1.0618053370746918,1.0618053370746918,1.0618053370746918,1.0618053370746918,1.0618053370746918,1.0618053370746918,1.0618053370746918,1.0618053370746918,1.0618053370746918,277.2913450479907,502016973,True,True
257360,7.71360516524181,3.984271718259378,5.765031322934644,107.76079544851842,0.8775161900461715,3.6674793868048496,1.771004023395338,1.3698629646292662,1.4099035029647893,0.5985661591877235,8.559876252011556,32.66785531389852,0.0014379308029849,1.383094557420012,0.0029967494885338,0.0542149892805019,-0.0043422023939929,-0.0058202884027652,-5.371861190393217e-05,-1.5921563421453155e-05,-0.0006428009831889,-2.369120655408406e-06,-2.5678931687507025e-05,-6.7571229720624085e-06,0.003647277924582,5.822266433305615e-19,0.1004125661155399,-2.184859664963094,0.0001965304449,0.0011176659951099,-7.286298462460907e-05,6.822783140849619e-05,0.0008165415463558,0.00142422310535,1.0636213410763222,0.9908065463541152,0.5938115624765264,1.211881576621603,0.98159947931333,0.6399833054229775,-0.1358656606341076,1.8737028297314609,1.0477973007272372,0.8150187521148518,0.8150187521148518,0.8150187521148518,0.8150187521148518,0.8150187521148518,0.8150187521148518,0.8150187521148518,0.8150187521148518,0.8150187521148518,0.8150187521148518,0.8150187521148518,0.8150187521148518,0.8150187521148518,0.8150187521148518,0.8150187521148518,0.8150187521148518,0.8150187521148518,0.8150187521148518,0.8150187521148518,0.8150187521148518,0.8150187521148518,0.8150187521148518,0.8150187521148518,0.8150187521148518,0.8150187521148518,0.8150187521148518,0.8150187521148518,0.8150187521148518,0.8150187521148518,0.8150187521148518,0.8150187521148518,0.8150187521148518,0.8150187521148518,0.8150187521148518,0.8150187521148518,0.8150187521148518,0.8150187521148518,0.8150187521148518,0.8150187521148518,0.8150187521148518,275.3924935172161,104042403,True,True
384371,12.722984027289243,3.857002430315029,24.575568480605806,68.56230776333302,0.6966701187008685,3.9730909088882447,1.763168578298664,1.748806938223146,1.5610512569257802,0.7606998983174728,7.811507867543118,29.308678685242043,0.0028252671867783,4.995918222369904,0.0012244760144468,0.0379368633042227,-0.0040907817971464,-0.0063355903507659,-8.349104239496436e-05,-2.669435129482553e-05,-0.0006025483512532,-7.140421587969651e-07,-5.295347868684285e-05,-1.0041231499919682e-05,0.0049196602424012,0.0001164817652058,0.0801674792900587,-1.4158084461981584,0.0001792561917509,0.001044370885496,-3.084263258727128e-06,0.0001073911900355,3.33793275743382e-05,0.0014976943770829,1.2261085269615446,1.0130749125633842,1.219910398158056,1.2808118854191617,1.034855633342406,1.6132796383796113,0.8000833338354649,1.7498923325231386,0.9950967415178662,0.9006174332650703,0.9006174332650703,0.9006174332650703,0.9006174332650703,0.9006174332650703,0.9006174332650703,0.9006174332650703,0.9006174332650703,0.9006174332650703,0.9006174332650703,0.9006174332650703,0.9006174332650703,0.9006174332650703,0.9006174332650703,0.9006174332650703,0.9006174332650703,0.9006174332650703,0.9006174332650703,0.9006174332650703,0.9006174332650703,0.9006174332650703,0.9006174332650703,0.9006174332650703,0.9006174332650703,0.9006174332650703,0.9006174332650703,0.9006174332650703,0.9006174332650703,0.9006174332650703,0.9006174332650703,0.9006174332650703,0.9006174332650703,0.9006174332650703,0.9006174332650703,0.9006174332650703,0.9006174332650703,0.9006174332650703,0.9006174332650703,0.9006174332650703,0.9006174332650703,277.6337342253656,154719792,True,True
1430439,2.683220726279009,4.23941286821421,13.871461609242324,347.93372265100896,1.9479337089195172,0.679903306057154,0.7003735149420444,0.5097846049983741,0.8677295957084157,0.604057796064332,8.301122584709011,26.935825014787618,0.0050655519292834,0.8740136267218255,0.0028913176163447,0.0129085113093236,-0.0069521196087886,-0.0008021159012693,-5.5343751615449785e-05,2.747552309496924e-07,-0.0006232830245567,-2.7900780791870765e-06,-5.836055007180312e-05,-7.063951617352678e-06,0.0057755178591534,0.010238860578737,0.001001968884995,-1.785213577964631,0.0002346614433997,0.001198280817338,-4.87366793833913e-05,0.0001525504102876,0.0003858926615106,0.0004726306304639,1.0953154654898367,0.9339011608522684,1.4800085224684651,0.9716110288319147,0.8996892761736721,1.6589602692660488,1.9856070924138352,-2.10033955115902,1.0287248941172211,1.1870941886208146,1.1870941886208146,1.1870941886208146,1.1870941886208146,1.1870941886208146,1.1870941886208146,1.1870941886208146,1.1870941886208146,1.1870941886208146,1.1870941886208146,1.1870941886208146,1.1870941886208146,1.1870941886208146,1.1870941886208146,1.1870941886208146,1.1870941886208146,1.1870941886208146,1.1870941886208146,1.1870941886208146,1.1870941886208146,1.1870941886208146,1.1870941886208146,1.1870941886208146,1.1870941886208146,1.1870941886208146,1.1870941886208146,1.1870941886208146,1.1870941886208146,1.1870941886208146,1.1870941886208146,1.1870941886208146,1.1870941886208146,1.1870941886208146,1.1870941886208146,1.1870941886208146,1.1870941886208146,1.1870941886208146,1.1870941886208146,1.1870941886208146,1.1870941886208146,279.88458177536506,572100924,True,True
296165,19.349831570600116,3.506154186862814,16.76615336443822,100.59194421412596,2.3474124470266817,6.094283807468021,0.4229954829681195,1.2215846823290757,1.9322834949177576,0.3710055726228652,9.203272791582158,26.398617655484298,0.0036436890630916,4.223612797374524,0.001286351774992,0.02554376249829,-0.0052377948502478,-0.0010436878757217,-7.633327174642301e-05,-4.559724165843928e-05,-0.0005635616566055,-2.3420697155257084e-06,-5.012881310655361e-05,-8.35664711923535e-06,0.0058477116531136,0.2674239507172648,0.0058427576064118,-0.1018343697006329,0.000222129920463,0.0007327126786061,-6.286258931877898e-05,0.000105125449062,0.0003355424405338,0.000232349846287,0.9190593299200286,1.0168869032691903,1.3207364961833865,0.6881407846082073,0.8465289790914194,1.029890738154292,0.8240865193174008,1.357838600462825,1.093940859477046,1.1182171816137063,1.1182171816137063,1.1182171816137063,1.1182171816137063,1.1182171816137063,1.1182171816137063,1.1182171816137063,1.1182171816137063,1.1182171816137063,1.1182171816137063,1.1182171816137063,1.1182171816137063,1.1182171816137063,1.1182171816137063,1.1182171816137063,1.1182171816137063,1.1182171816137063,1.1182171816137063,1.1182171816137063,1.1182171816137063,1.1182171816137063,1.1182171816137063,1.1182171816137063,1.1182171816137063,1.1182171816137063,1.1182171816137063,1.1182171816137063,1.1182171816137063,1.1182171816137063,1.1182171816137063,1.1182171816137063,1.1182171816137063,1.1182171816137063,1.1182171816137063,1.1182171816137063,1.1182171816137063,1.1182171816137063,1.1182171816137063,1.1182171816137063,1.1182171816137063,280.4110949654868,119525598,True,True
891872,14.964307346210733,4.068892891708308,18.67169555488564,106.47911797813944,1.556033069924022,2.932320027615362,0.7603298618070395,1.1056214471126269,1.377192902200269,0.4641536363979325,7.04344322246317,34.95917033233211,-0.001204353059908,-2.273840903002845,0.0061424647691406,0.0179144642974271,-0.0034882133978815,-0.0028936074455796,-0.0001086107707197,-2.2926203534079053e-05,-0.0005460071538531,-2.6248566194788022e-06,-3.092654776696716e-05,-7.119932749564552e-06,0.0447006808179675,0.106207612783212,7.097877651712318e-24,-0.6009618752765081,0.0003005564908618,0.0012334648531757,7.689489534703359e-05,-4.413608154354997e-05,0.000721401318004,0.0013271640899492,0.9198322683237689,1.082068694125258,1.342144943528432,0.6902526108502914,1.0555097014606591,0.587049955355218,0.1108316287523165,1.0108975099196749,0.939255997733454,0.7055954477816522,0.7055954477816522,0.7055954477816522,0.7055954477816522,0.7055954477816522,0.7055954477816522,0.7055954477816522,0.7055954477816522,0.7055954477816522,0.7055954477816522,0.7055954477816522,0.7055954477816522,0.7055954477816522,0.7055954477816522,0.7055954477816522,0.7055954477816522,0.7055954477816522,0.7055954477816522,0.7055954477816522,0.7055954477816522,0.7055954477816522,0.7055954477816522,0.7055954477816522,0.7055954477816522,0.7055954477816522,0.7055954477816522,0.7055954477816522,0.7055954477816522,0.7055954477816522,0.7055954477816522,0.7055954477816522,0.7055954477816522,0.7055954477816522,0.7055954477816522,0.7055954477816522,0.7055954477816522,0.7055954477816522,0.7055954477816522,0.7055954477816522,0.7055954477816522,278.24398501080145,357212691,True,True
976107,7.053544337550439,2.037268209278388,6.779167863301844,74.36641477818205,0.5424092180588752,4.182618412446007,0.5680353742170283,1.3499035876995926,0.8285367264183063,0.4159033214883616,6.936538734082001,27.52377832498821,0.0046017156032851,1.9253776745342583,0.0029782172085897,0.0176078995627324,-0.0068666208124129,-0.0053560461459919,-8.285842309540548e-05,-1.947600212010915e-05,-0.0005887284115049,-3.402591862602869e-06,-2.9695574552239698e-05,-7.80409409444672e-06,0.0018469827738905,6.79565748169211e-13,0.0292050147732892,-4.506524418722764,0.0002042068916826,0.0010034035538419,-0.0001085031765567,0.0001196602865893,0.000400194858454,0.0013643854332562,0.8507698654855309,0.8664696780679828,0.9505949685346822,0.9976847919958752,1.0803034915321696,0.6449918782708031,1.5944160660964648,1.9917088283473647,0.931781295969366,1.31666362521725,1.31666362521725,1.31666362521725,1.31666362521725,1.31666362521725,1.31666362521725,1.31666362521725,1.31666362521725,1.31666362521725,1.31666362521725,1.31666362521725,1.31666362521725,1.31666362521725,1.31666362521725,1.31666362521725,1.31666362521725,1.31666362521725,1.31666362521725,1.31666362521725,1.31666362521725,1.31666362521725,1.31666362521725,1.31666362521725,1.31666362521725,1.31666362521725,1.31666362521725,1.31666362521725,1.31666362521725,1.31666362521725,1.31666362521725,1.31666362521725,1.31666362521725,1.31666362521725,1.31666362521725,1.31666362521725,1.31666362521725,1.31666362521725,1.31666362521725,1.31666362521725,1.31666362521725,280.0630487374016,390822456,True,True
280768,1.9006338345332543,5.015827175165336,22.274404671650693,48.23912231109047,1.2995356364283035,3.187557738677366,1.5561144137166925,1.763496625868,0.6917240322322462,0.4309178255857592,8.667027078073753,35.98419400836755,-0.0020577322817811,-0.9236841836080352,0.0052792892850885,0.0358559754917372,-0.0018150632175432,-0.000687913375166,-5.4275741063180186e-05,1.1603598946720227e-06,-0.0005186461066228,-1.872102966468093e-06,-2.6792029235925635e-05,-1.0362525218415714e-05,0.0045740468620807,0.0003728206359244,0.0138150624354822,-2.327188946488884,0.0002707254376251,0.0018124643908204,-0.0001877492341464,-4.6707971342515975e-05,0.0004631219552763,0.0011599716172565,1.0396193256901134,1.0572908867118769,1.3230729963229115,0.7258769141296646,1.0964045352929486,0.6578295665048237,-0.4214658991300276,1.4103128335593889,1.0552858902948832,0.7587523437977217,0.7587523437977217,0.7587523437977217,0.7587523437977217,0.7587523437977217,0.7587523437977217,0.7587523437977217,0.7587523437977217,0.7587523437977217,0.7587523437977217,0.7587523437977217,0.7587523437977217,0.7587523437977217,0.7587523437977217,0.7587523437977217,0.7587523437977217,0.7587523437977217,0.7587523437977217,0.7587523437977217,0.7587523437977217,0.7587523437977217,0.7587523437977217,0.7587523437977217,0.7587523437977217,0.7587523437977217,0.7587523437977217,0.7587523437977217,0.7587523437977217,0.7587523437977217,0.7587523437977217,0.7587523437977217,0.7587523437977217,0.7587523437977217,0.7587523437977217,0.7587523437977217,0.7587523437977217,0.7587523437977217,0.7587523437977217,0.7587523437977217,0.7587523437977217,277.7474444818536,113382195,True,True
444336,1.780116697181897,4.933508428099361,22.68907187197436,114.30304845783932,0.8331260999559086,1.0596965471138995,0.9075841922150424,1.1776782097212273,0.37938349858927,0.4440041213224531,7.224189322176088,25.72852915823476,0.0067469943421545,7.656061070302461,-0.0026098021892747,0.0114566401529133,-0.002598461698422,-0.0021302776119533,-0.0001194208762763,-3.518256334792458e-05,-0.0005477289030106,-7.744108337476783e-07,-2.1033438057318965e-05,-6.941955301922351e-06,0.0032597592333998,0.0071814056015645,0.0138148833112357,-4.124325427041853,0.0002320950755947,0.0012537632293369,-9.8876689252822e-05,-2.851810347982575e-05,0.0006998838225594,0.0008650440923295,0.9789977675569426,1.0303513746316286,0.8328725890118072,0.4741072889570145,0.7255174710258712,1.346519831929947,1.2066953743527755,1.4577836951203151,0.9521160984515552,1.1669783338747002,1.1669783338747002,1.1669783338747002,1.1669783338747002,1.1669783338747002,1.1669783338747002,1.1669783338747002,1.1669783338747002,1.1669783338747002,1.1669783338747002,1.1669783338747002,1.1669783338747002,1.1669783338747002,1.1669783338747002,1.1669783338747002,1.1669783338747002,1.1669783338747002,1.1669783338747002,1.1669783338747002,1.1669783338747002,1.1669783338747002,1.1669783338747002,1.1669783338747002,1.1669783338747002,1.1669783338747002,1.1669783338747002,1.1669783338747002,1.1669783338747002,1.1669783338747002,1.1669783338747002,1.1669783338747002,1.1669783338747002,1.1669783338747002,1.1669783338747002,1.1669783338747002,1.1669783338747002,1.1669783338747002,1.1669783338747002,1.1669783338747002,1.1669783338747002,277.4770278674688,178645827,True,True
130004,9.349154218603218,3.135967133845301,32.09271085998775,147.96053114778806,1.7653593153936449,1.5963550521831782,1.3131591475907642,0.9511637578577864,1.5530331639641917,0.5280058899736203,8.800479639087662,33.9863309373595,-0.001165466714513,1.7029289870633937,0.0032593633508705,0.0443483333855731,0.0004119444364473,-0.0042715919629074,-0.0001056870438424,-2.468338500573257e-05,-0.0006482651521504,-3.413189019483024e-06,-4.257652278633463e-05,-8.208761434914285e-06,0.0012151596755986,0.0437606453976789,8.639902449267981e-15,-2.7254906465997446,0.0001692277437414,0.0010188513688728,-5.734975508793286e-05,0.0001182170574007,0.0006287774484651,0.0019580516872958,1.0533179157820671,1.02334618254105,1.3427733279687013,0.6887334144220562,0.9873366894301868,1.0271088291250523,0.5759197361454566,0.2566813934932086,1.0652332228884094,0.6712266886018696,0.6712266886018696,0.6712266886018696,0.6712266886018696,0.6712266886018696,0.6712266886018696,0.6712266886018696,0.6712266886018696,0.6712266886018696,0.6712266886018696,0.6712266886018696,0.6712266886018696,0.6712266886018696,0.6712266886018696,0.6712266886018696,0.6712266886018696,0.6712266886018696,0.6712266886018696,0.6712266886018696,0.6712266886018696,0.6712266886018696,0.6712266886018696,0.6712266886018696,0.6712266886018696,0.6712266886018696,0.6712266886018696,0.6712266886018696,0.6712266886018696,0.6712266886018696,0.6712266886018696,0.6712266886018696,0.6712266886018696,0.6712266886018696,0.6712266886018696,0.6712266886018696,0.6712266886018696,0.6712266886018696,0.6712266886018696,0.6712266886018696,0.6712266886018696,278.3582112766692,53227359,True,True
866148,3.4182278698269606,4.306827028259005,6.107380953880461,155.5724784169952,1.8376492693473063,1.9978318819355767,0.6072782722969601,0.8401437709447666,0.8914650063380563,0.4117133617081596,7.52518255149533,30.68841632820464,0.0015461490569392,3.0587623633401653,0.0024970240017434,0.0317656758780636,-0.0015351524759173,-0.0059536182388964,-8.675619414846049e-05,-3.007237091670064e-05,-0.0005795950286529,-3.433833220446476e-06,-2.9816522092944253e-05,-7.612802287696564e-06,0.0530683581466161,388.6702433462395,4.813494214185166e-24,-0.610652159958991,0.0002906558410265,0.001214955225628,-2.9546963590086044e-05,-1.4727504409449508e-05,0.0003582627255876,0.0018816277980778,0.944748096344758,1.0039869952937803,1.5975681723368935,0.6086140869841843,0.9925097845481592,0.6603719231301923,1.402510136086687,-1.4062636632562344,0.9741790498305146,1.0383270304289784,1.0383270304289784,1.0383270304289784,1.0383270304289784,1.0383270304289784,1.0383270304289784,1.0383270304289784,1.0383270304289784,1.0383270304289784,1.0383270304289784,1.0383270304289784,1.0383270304289784,1.0383270304289784,1.0383270304289784,1.0383270304289784,1.0383270304289784,1.0383270304289784,1.0383270304289784,1.0383270304289784,1.0383270304289784,1.0383270304289784,1.0383270304289784,1.0383270304289784,1.0383270304289784,1.0383270304289784,1.0383270304289784,1.0383270304289784,1.0383270304289784,1.0383270304289784,1.0383270304289784,1.0383270304289784,1.0383270304289784,1.0383270304289784,1.0383270304289784,1.0383270304289784,1.0383270304289784,1.0383270304289784,1.0383270304289784,1.0383270304289784,1.0383270304289784,277.25294902407467,346948815,True,True
872704,3.873081431423401,4.713873806635274,54.96593346837008,56.04379342364398,1.593318125363877,0.9159384532815572,1.617277155822519,1.5344914894526307,0.94863567863637,0.4662923834474249,7.681995839044392,32.174700612243264,-0.0002688378515356,0.6158322010429057,0.0046274865417509,0.024139447018895,-0.0075843601302265,-0.0048118881607678,-8.040657808941908e-05,-1.0503743911253498e-05,-0.000606037652,5.801366686984174e-07,-5.269931603560481e-05,-7.512180693864499e-06,0.0310475937691316,1.4165918939550923e-36,7.723080083812432e-13,-0.3533958088274757,0.0002035582718213,0.0010149843999389,-7.660392713421552e-05,7.324919248071704e-05,0.0006810705768899,0.0023922423782508,0.987473771637744,0.9160660171083456,1.3070565583352471,0.84773408078033,0.9364773199323636,1.19335572034854,0.8094751757659359,1.3264292714737604,0.9859326563581656,0.964372025464214,0.964372025464214,0.964372025464214,0.964372025464214,0.964372025464214,0.964372025464214,0.964372025464214,0.964372025464214,0.964372025464214,0.964372025464214,0.964372025464214,0.964372025464214,0.964372025464214,0.964372025464214,0.964372025464214,0.964372025464214,0.964372025464214,0.964372025464214,0.964372025464214,0.964372025464214,0.964372025464214,0.964372025464214,0.964372025464214,0.964372025464214,0.964372025464214,0.964372025464214,0.964372025464214,0.964372025464214,0.964372025464214,0.964372025464214,0.964372025464214,0.964372025464214,0.964372025464214,0.964372025464214,0.964372025464214,0.964372025464214,0.964372025464214,0.964372025464214,0.964372025464214,0.964372025464214,280.19600017943185,349564659,True,True
1059941,8.774979006880208,4.022360892948241,19.366815900450145,90.8888600471668,1.1021638904060338,2.6599516990169003,0.7830572276402474,0.7102714012047054,0.894608671695084,0.597188528337764,6.796527940841171,31.320747183272506,0.001805667610283,4.038029497623783,0.001524653948481,0.0212117319798352,-0.005015230086711,-0.0054586740469766,-6.894140936015278e-05,-2.1548702854116085e-05,-0.0006836474236503,-2.964578354914511e-06,-5.393191531429099e-05,-7.418285412974208e-06,0.0020195035015152,0.0006088680749986,1.311994019670205e-16,-6.284952502485711,0.0002198267611934,0.0011711256090176,9.120353523922629e-05,1.6588341074903558e-05,0.0005130745543654,0.0012906884785607,1.0381841336878015,0.936658225821024,0.7405488298213992,0.8292257158320454,0.8420234502821557,0.4558097912610666,0.9239797770537664,0.5708745019567034,0.9214408344406492,1.060790196010549,1.060790196010549,1.060790196010549,1.060790196010549,1.060790196010549,1.060790196010549,1.060790196010549,1.060790196010549,1.060790196010549,1.060790196010549,1.060790196010549,1.060790196010549,1.060790196010549,1.060790196010549,1.060790196010549,1.060790196010549,1.060790196010549,1.060790196010549,1.060790196010549,1.060790196010549,1.060790196010549,1.060790196010549,1.060790196010549,1.060790196010549,1.060790196010549,1.060790196010549,1.060790196010549,1.060790196010549,1.060790196010549,1.060790196010549,1.060790196010549,1.060790196010549,1.060790196010549,1.060790196010549,1.060790196010549,1.060790196010549,1.060790196010549,1.060790196010549,1.060790196010549,1.060790196010549,276.70427502748464,424272222,True,True
1253757,7.476999137174329,4.673150298937461,26.03056342790772,113.58901560296616,1.2857458411658258,2.06711079928004,0.8286871258225266,1.4468635041012294,1.5045731887721931,0.729184428133809,9.30608268854011,28.77426719957012,0.0039870404607934,2.790783169419875,0.0021261643690405,0.0423040779924918,-0.0053931393423734,-0.0035147398943286,-7.671596235110946e-05,-1.934841288510907e-05,-0.0005775440846697,-3.038877805395659e-06,-3.876093656805253e-05,-8.307676089036481e-06,0.1011971775013159,7.972695484929346e-54,0.6663509956528774,-1.3319801737363273,0.0002252835112469,0.0011918278770395,-1.294969673690843e-05,-0.0001759345187153,0.000447776444501,0.0006537399585005,0.8459058744049883,1.0360947351389425,1.127255710844738,0.7014040357299631,0.7660815016743966,1.4539328500139834,0.6005613974130017,1.13275813335885,1.101229714963846,0.9977279956561244,0.9977279956561244,0.9977279956561244,0.9977279956561244,0.9977279956561244,0.9977279956561244,0.9977279956561244,0.9977279956561244,0.9977279956561244,0.9977279956561244,0.9977279956561244,0.9977279956561244,0.9977279956561244,0.9977279956561244,0.9977279956561244,0.9977279956561244,0.9977279956561244,0.9977279956561244,0.9977279956561244,0.9977279956561244,0.9977279956561244,0.9977279956561244,0.9977279956561244,0.9977279956561244,0.9977279956561244,0.9977279956561244,0.9977279956561244,0.9977279956561244,0.9977279956561244,0.9977279956561244,0.9977279956561244,0.9977279956561244,0.9977279956561244,0.9977279956561244,0.9977279956561244,0.9977279956561244,0.9977279956561244,0.9977279956561244,0.9977279956561244,0.9977279956561244,278.27304548668315,501604806,True,True
1579116,9.580025230714332,3.587776121843841,11.793574851555451,122.58992568668126,1.788398719209344,3.808497637423333,0.8391987700393989,1.138837814566528,0.7543090206463288,0.5090192585169248,8.26167936023165,28.193319138419373,0.0028882824452967,4.754474442880103,0.0010318391788524,0.032115372446174,-0.0022628669887503,-0.0034414666666058,-5.012642863864153e-05,-3.134117852368235e-05,-0.0005182141218943,-3.665634091558383e-06,-4.268421065950924e-05,-7.332531343683544e-06,0.0022657195186564,2.527464028071556e-18,0.0001621862904346,-2.858399440242962,0.0002225981637995,0.0010430226233227,-0.0001085579446113,0.0001373190077783,0.000385866157333,0.0022775819037023,1.0277924602781072,1.021997540801706,0.8064000470076008,0.7332209507830703,0.9438690764251916,0.9602509215624448,1.377314980278114,1.3628188228811493,1.0262071565361928,0.9591587941145392,0.9591587941145392,0.9591587941145392,0.9591587941145392,0.9591587941145392,0.9591587941145392,0.9591587941145392,0.9591587941145392,0.9591587941145392,0.9591587941145392,0.9591587941145392,0.9591587941145392,0.9591587941145392,0.9591587941145392,0.9591587941145392,0.9591587941145392,0.9591587941145392,0.9591587941145392,0.9591587941145392,0.9591587941145392,0.9591587941145392,0.9591587941145392,0.9591587941145392,0.9591587941145392,0.9591587941145392,0.9591587941145392,0.9591587941145392,0.9591587941145392,0.9591587941145392,0.9591587941145392,0.9591587941145392,0.9591587941145392,0.9591587941145392,0.9591587941145392,0.9591587941145392,0.9591587941145392,0.9591587941145392,0.9591587941145392,0.9591587941145392,0.9591587941145392,278.8903329967942,631423047,True,True
623737,3.4279581179626573,4.881345986293074,4.983032637032266,84.64046900738619,1.212540918301477,2.607559334925857,1.8740216137485,1.3902615228752084,1.1396285509191415,0.5995141821776403,7.617365321263512,27.236940794084305,0.0024504747610119,2.060439385973776,0.0046293962397351,0.0246315216730346,-0.005902116610826,-0.0028046583241345,-9.78551249690874e-05,-9.517023926618317e-06,-0.0006908263782006,-1.880181435334519e-06,-4.607176124447708e-05,-7.778414767008725e-06,0.0027607961236905,2.0807497078766902e-16,0.0012012595375444,-2.467741695317657,0.0002939820655204,0.0008093419683947,-0.0001586897243528,2.9889821729547675e-05,8.378357972616273e-05,0.0013688809018482,0.909152249969252,0.9543095977071464,0.4839546781713364,1.1100587691455326,1.21152559377993,0.7221626461177496,0.8321394579665611,0.3156100690369143,0.981334845975264,1.1583081207735648,1.1583081207735648,1.1583081207735648,1.1583081207735648,1.1583081207735648,1.1583081207735648,1.1583081207735648,1.1583081207735648,1.1583081207735648,1.1583081207735648,1.1583081207735648,1.1583081207735648,1.1583081207735648,1.1583081207735648,1.1583081207735648,1.1583081207735648,1.1583081207735648,1.1583081207735648,1.1583081207735648,1.1583081207735648,1.1583081207735648,1.1583081207735648,1.1583081207735648,1.1583081207735648,1.1583081207735648,1.1583081207735648,1.1583081207735648,1.1583081207735648,1.1583081207735648,1.1583081207735648,1.1583081207735648,1.1583081207735648,1.1583081207735648,1.1583081207735648,1.1583081207735648,1.1583081207735648,1.1583081207735648,1.1583081207735648,1.1583081207735648,1.1583081207735648,281.76875023067606,250226826,True,True
1570939,0.6730482839346525,5.040583517986933,13.919638014148443,41.55783025571327,1.4407195691684176,1.4948461156330046,0.9019865067686657,1.6191684859023576,0.4681793908633176,0.3273195269061616,6.080097701189944,33.4455923984752,-0.0013693275280341,3.339434038937895,0.0038809957770785,0.0550999330893049,-0.0029578314633455,-0.0057389997152301,-0.0001069161289351,-1.7682511509089524e-06,-0.0005544006007356,-2.469841387236117e-06,-4.986464711740224e-05,-7.548429558195771e-06,0.0531858270913241,2.448095452045509,2.0610949082300155e-24,-0.5470809315793038,0.0001995361863534,0.0011127141534008,-5.0421713874104426e-05,-5.384201054227388e-05,0.0009535877595703,0.0020034540897615,0.9781161414768504,1.0440410239662494,1.0810342832047155,1.182876226275539,0.838049714482703,1.2286662852403856,1.7335231226635222,-0.6585602380985498,0.8681692347082767,0.9559946727912748,0.9559946727912748,0.9559946727912748,0.9559946727912748,0.9559946727912748,0.9559946727912748,0.9559946727912748,0.9559946727912748,0.9559946727912748,0.9559946727912748,0.9559946727912748,0.9559946727912748,0.9559946727912748,0.9559946727912748,0.9559946727912748,0.9559946727912748,0.9559946727912748,0.9559946727912748,0.9559946727912748,0.9559946727912748,0.9559946727912748,0.9559946727912748,0.9559946727912748,0.9559946727912748,0.9559946727912748,0.9559946727912748,0.9559946727912748,0.9559946727912748,0.9559946727912748,0.9559946727912748,0.9559946727912748,0.9559946727912748,0.9559946727912748,0.9559946727912748,0.9559946727912748,0.9559946727912748,0.9559946727912748,0.9559946727912748,0.9559946727912748,0.9559946727912748,275.8697380778051,628160424,True,True
